grape,also_known_as,colour,body,acidity,tannin,sweetness,alcohol_abv,aromas,flavours,food_pairings,ageing_potential,origin_country,origin_region,origin_note,key_regions,summary,rag_text
Cabernet Sauvignon,,Red,Full-bodied,Medium to high,Very firm,Dry,High (over 13.5%),"green pepper in cooler sites, tobacco, graphite, cedar, blackcurrant","dark berries, plum, chocolate, spice",grilled steak; roast lamb; mature hard cheese; mushroom dishes,Ages well; good bottles reward ten years or more,France,Bordeaux,Natural cross of Cabernet Franc and Sauvignon Blanc,Bordeaux; Napa Valley; Coonawarra; Margaret River; Tuscany; Chile; Washington State; Stellenbosch; Maipo Valley,"Red wine's heavyweight, with deep colour, grippy tannins and a backbone built for ageing. It began in Bordeaux and now grows almost everywhere, tasting darker and plusher in warm places and leaner and more savoury in cool ones.","Cabernet Sauvignon (red grape). Red wine's heavyweight, with deep colour, grippy tannins and a backbone built for ageing. It began in Bordeaux and now grows almost everywhere, tasting darker and plusher in warm places and leaner and more savoury in cool ones. Body: Full-bodied. Acidity: Medium to high. Tannin: Very firm. Sweetness: Dry. Alcohol: High (over 13.5%). Aromas: green pepper in cooler sites, tobacco, graphite, cedar, blackcurrant. Flavours: dark berries, plum, chocolate, spice. Food pairings: grilled steak; roast lamb; mature hard cheese; mushroom dishes. Ageing: Ages well; good bottles reward ten years or more. Origin: Bordeaux, France. Natural cross of Cabernet Franc and Sauvignon Blanc. Key regions: Bordeaux; Napa Valley; Coonawarra; Margaret River; Tuscany; Chile; Washington State; Stellenbosch; Maipo Valley."
Chardonnay,,White,Medium-bodied,High,None,Dry,Moderate (12–13.5%),"vanilla, toast, butter, pear, lemon, green apple","citrus, orchard fruit, cream, hazelnut",roast chicken; creamy pasta; crab or lobster; grilled white fish,top Burgundy can go 10+ years; everyday bottles are best within a few years,France,Bourgogne (Burgundy),,Burgundy; Champagne; Franciacorta,"A grape that takes on the character of wherever it's grown and however it's handled. Cool, unoaked versions are crisp and citrusy, while warmer, oak-aged ones are creamy and rounded. Many sparkling wines, Champagne among them, rely on it too.","Chardonnay (white grape). A grape that takes on the character of wherever it's grown and however it's handled. Cool, unoaked versions are crisp and citrusy, while warmer, oak-aged ones are creamy and rounded. Many sparkling wines, Champagne among them, rely on it too. Body: Medium-bodied. Acidity: High. Tannin: None. Sweetness: Dry. Alcohol: Moderate (12–13.5%). Aromas: vanilla, toast, butter, pear, lemon, green apple. Flavours: citrus, orchard fruit, cream, hazelnut. Food pairings: roast chicken; creamy pasta; crab or lobster; grilled white fish. Ageing: top Burgundy can go 10+ years; everyday bottles are best within a few years. Origin: Bourgogne (Burgundy), France. Key regions: Burgundy; Champagne; Franciacorta."
Pinot Noir,Spätburgunder (Germany); Pinot Nero (Italy),Red,Medium-bodied,High,Low,Dry,Moderate (12–13.5%),"rose, forest floor, wild strawberry, raspberry, cherry","red berries, spice, mushroom with age",roast duck; salmon; mushroom dishes; roast chicken,Many bottles are best within 5–10 years; top ones last longer,France,Bourgogne (Burgundy),,Burgundy; Oregon; Central Otago; Russian River Valley; Bío Bío; Baden; Alto Adige; Jura; Champagne,"Pale in the glass but full of charm. Silky and delicate with bright red fruit when young, growing more earthy and savoury as it matures. It's fussy about climate and soil, a big reason the great ones are so prized.","Pinot Noir (red grape). Pale in the glass but full of charm. Silky and delicate with bright red fruit when young, growing more earthy and savoury as it matures. It's fussy about climate and soil, a big reason the great ones are so prized. Body: Medium-bodied. Acidity: High. Tannin: Low. Sweetness: Dry. Alcohol: Moderate (12–13.5%). Aromas: rose, forest floor, wild strawberry, raspberry, cherry. Flavours: red berries, spice, mushroom with age. Food pairings: roast duck; salmon; mushroom dishes; roast chicken. Ageing: Many bottles are best within 5–10 years; top ones last longer. Origin: Bourgogne (Burgundy), France. Also known as: Spätburgunder (Germany); Pinot Nero (Italy). Key regions: Burgundy; Oregon; Central Otago; Russian River Valley; Bío Bío; Baden; Alto Adige; Jura; Champagne."
Merlot,,Red,Full-bodied,Low,Moderate (softer than Cabernet Sauvignon),Dry,High (over 13.5%),"cedar, bay leaf, cocoa, black cherry, plum","ripe fruit, chocolate, soft spice",roast pork; burgers; mushroom risotto; mild cheeses,"Most bottles are made for drinking soon, though the best keep improving",France,Bordeaux,,Bordeaux; California,"Plush, rounded and easy to like. Soft tannins and ripe plum fruit make it a friendly red for newcomers, and it often smooths out sharper grapes in blends. Warm places make it jammy and generous, cooler ones leaner and more herbal.","Merlot (red grape). Plush, rounded and easy to like. Soft tannins and ripe plum fruit make it a friendly red for newcomers, and it often smooths out sharper grapes in blends. Warm places make it jammy and generous, cooler ones leaner and more herbal. Body: Full-bodied. Acidity: Low. Tannin: Moderate (softer than Cabernet Sauvignon). Sweetness: Dry. Alcohol: High (over 13.5%). Aromas: cedar, bay leaf, cocoa, black cherry, plum. Flavours: ripe fruit, chocolate, soft spice. Food pairings: roast pork; burgers; mushroom risotto; mild cheeses. Ageing: Most bottles are made for drinking soon, though the best keep improving. Origin: Bordeaux, France. Key regions: Bordeaux; California."
Shiraz / Syrah,"Syrah (France, Rhône); Shiraz (Australia)",Red,Very full-bodied,Medium,Very firm,Dry,High (over 13.5%),"olive, smoke, violet, black pepper, blackberry","dark fruit, spice, dark chocolate",barbecued ribs; lamb; sausages; hard cheese,Good bottles improve over 5–15 years,France,Rhône Valley,,Northern Rhône; Barossa; Victoria; Argentina; California; Chile; Washington State; Italy; New Zealand; South Africa; Switzerland; Spain,"Bold, dark and peppery. Warm regions give ripe, rich versions loaded with dark fruit, while cooler ones are more savoury, floral and restrained. In France it's called Syrah, in Australia Shiraz.","Shiraz / Syrah (red grape). Bold, dark and peppery. Warm regions give ripe, rich versions loaded with dark fruit, while cooler ones are more savoury, floral and restrained. In France it's called Syrah, in Australia Shiraz. Body: Very full-bodied. Acidity: Medium. Tannin: Very firm. Sweetness: Dry. Alcohol: High (over 13.5%). Aromas: olive, smoke, violet, black pepper, blackberry. Flavours: dark fruit, spice, dark chocolate. Food pairings: barbecued ribs; lamb; sausages; hard cheese. Ageing: Good bottles improve over 5–15 years. Origin: Rhône Valley, France. Also known as: Syrah (France, Rhône); Shiraz (Australia). Key regions: Northern Rhône; Barossa; Victoria; Argentina; California; Chile; Washington State; Italy; New Zealand; South Africa; Switzerland; Spain."
Sauvignon Blanc,Fumé Blanc,White,Light-bodied,High,None,Dry,Moderate (12–13.5%),"lime, passion fruit, cut grass, grapefruit, gooseberry","citrus, green fruit, herbs",goat's cheese; shellfish; salads; herby or Thai-style dishes,Best in the first few years,France,Loire Valley,,"Loire (Sancerre, Pouilly-Fumé); Marlborough (New Zealand); United States; Italy; South Africa; Bordeaux; Chile; South Africa; California","Zingy, fresh and unmistakably aromatic. Cooler regions give grassy, gooseberry sharpness while warmer ones lean tropical and juicy. Serve it cold and drink it while it's young.","Sauvignon Blanc (white grape). Zingy, fresh and unmistakably aromatic. Cooler regions give grassy, gooseberry sharpness while warmer ones lean tropical and juicy. Serve it cold and drink it while it's young. Body: Light-bodied. Acidity: High. Tannin: None. Sweetness: Dry. Alcohol: Moderate (12–13.5%). Aromas: lime, passion fruit, cut grass, grapefruit, gooseberry. Flavours: citrus, green fruit, herbs. Food pairings: goat's cheese; shellfish; salads; herby or Thai-style dishes. Ageing: Best in the first few years. Origin: Loire Valley, France. Also known as: Fumé Blanc. Key regions: Loire (Sancerre, Pouilly-Fumé); Marlborough (New Zealand); United States; Italy; South Africa; Bordeaux; Chile; South Africa; California."
Cabernet Franc,,Red,Medium-bodied,Medium,Moderate,Dry,Moderate (12–13.5%),"pencil shavings, green pepper, violet, redcurrant, raspberry","red berries, herbs, gentle spice",roast chicken; lamb; charcuterie; grilled vegetables,Often enjoyable within 3–8 years,France,Bordeaux,,Bordeaux; Loire (Anjou); Tuscany; Washington State,"Cabernet Sauvignon's lighter, more perfumed parent. Expect red berries, violets and a leafy, herbal edge with fine tannins. It adds lift to Bordeaux blends and shines solo in the Loire.","Cabernet Franc (red grape). Cabernet Sauvignon's lighter, more perfumed parent. Expect red berries, violets and a leafy, herbal edge with fine tannins. It adds lift to Bordeaux blends and shines solo in the Loire. Body: Medium-bodied. Acidity: Medium. Tannin: Moderate. Sweetness: Dry. Alcohol: Moderate (12–13.5%). Aromas: pencil shavings, green pepper, violet, redcurrant, raspberry. Flavours: red berries, herbs, gentle spice. Food pairings: roast chicken; lamb; charcuterie; grilled vegetables. Ageing: Often enjoyable within 3–8 years. Origin: Bordeaux, France. Key regions: Bordeaux; Loire (Anjou); Tuscany; Washington State."
Riesling,,White,Very light-bodied,High,None,"Dry to off-dry, up to sweet",Light (under 12%),"wet stone, honey, peach, green apple, lime","citrus, stone fruit, minerals",spicy Asian dishes; pork; sushi; soft cheeses,Remarkable ageing; top bottles can last decades,Germany,Rheingau,,Mosel; Rhine; Alsace; Austria; Australia; United States; New Zealand; Pfalz,"Bright, aromatic and endlessly versatile. It can taste razor-dry, gently sweet or syrupy-rich, with racy acidity holding it all together. The grape alone won't tell you how sweet it is, so check the label.","Riesling (white grape). Bright, aromatic and endlessly versatile. It can taste razor-dry, gently sweet or syrupy-rich, with racy acidity holding it all together. The grape alone won't tell you how sweet it is, so check the label. Body: Very light-bodied. Acidity: High. Tannin: None. Sweetness: Dry to off-dry, up to sweet. Alcohol: Light (under 12%). Aromas: wet stone, honey, peach, green apple, lime. Flavours: citrus, stone fruit, minerals. Food pairings: spicy Asian dishes; pork; sushi; soft cheeses. Ageing: Remarkable ageing; top bottles can last decades. Origin: Rheingau, Germany. Key regions: Mosel; Rhine; Alsace; Austria; Australia; United States; New Zealand; Pfalz."
Grenache Noir,Garnacha (Spain); Grenache,Red,Very full-bodied,Low,Moderate,Dry,High (over 13.5%),"dried herbs, white pepper, red cherry, raspberry, strawberry","ripe red fruit, spice, warmth",roast lamb; stews; grilled sausages; ratatouille,"Drink young to mid-age, within 3–10 years",Spain,,Origin debated: Spain or Sardinia,"Southern Rhône (Châteauneuf-du-Pape, Gigondas, Vacqueyras); Priorat; Mediterranean; United States; Australia","A sun-lover that makes generous, warming reds. Ripe red berries plus spice, soft tannins and often plenty of alcohol. It's a main player in southern French blends, and in Spain it goes by Garnacha.","Grenache Noir (red grape). A sun-lover that makes generous, warming reds. Ripe red berries plus spice, soft tannins and often plenty of alcohol. It's a main player in southern French blends, and in Spain it goes by Garnacha. Body: Very full-bodied. Acidity: Low. Tannin: Moderate. Sweetness: Dry. Alcohol: High (over 13.5%). Aromas: dried herbs, white pepper, red cherry, raspberry, strawberry. Flavours: ripe red fruit, spice, warmth. Food pairings: roast lamb; stews; grilled sausages; ratatouille. Ageing: Drink young to mid-age, within 3–10 years. Origin: Spain. Origin debated: Spain or Sardinia. Also known as: Garnacha (Spain); Grenache. Key regions: Southern Rhône (Châteauneuf-du-Pape, Gigondas, Vacqueyras); Priorat; Mediterranean; United States; Australia."
Malbec,Côt; Auxerrois,Red,Full-bodied,Medium,Firm,Dry,High (over 13.5%),"leather, cocoa, violet, blackberry, plum","dark fruit, mocha, spice",steak; barbecue; empanadas; blue cheese,Most are best within 5–8 years,France,,Native to south-west France; Argentina's signature grape,Argentina; Cahors (France); Bordeaux; Mendoza; Uco Valley; Salta; Patagonia,"Deeply coloured, juicy and brimming with fruit. Argentine versions are plush and velvety with dark plum and blackberry, while those from Cahors in France are earthier and firmer. Hearty and easy to love.","Malbec (red grape). Deeply coloured, juicy and brimming with fruit. Argentine versions are plush and velvety with dark plum and blackberry, while those from Cahors in France are earthier and firmer. Hearty and easy to love. Body: Full-bodied. Acidity: Medium. Tannin: Firm. Sweetness: Dry. Alcohol: High (over 13.5%). Aromas: leather, cocoa, violet, blackberry, plum. Flavours: dark fruit, mocha, spice. Food pairings: steak; barbecue; empanadas; blue cheese. Ageing: Most are best within 5–8 years. Origin: France. Native to south-west France; Argentina's signature grape. Also known as: Côt; Auxerrois. Key regions: Argentina; Cahors (France); Bordeaux; Mendoza; Uco Valley; Salta; Patagonia."
Tempranillo,,Red,Medium-bodied,Low,Firm,Dry,High (over 13.5%),"vanilla, tobacco, leather, plum, cherry","red fruit, spice, dried herbs",grilled lamb; cured ham; paella with chorizo; Manchego,Reserva-level bottles can age ten years or more,Spain,Ribera del Duero,,Rioja; Ribera del Duero; Portugal; Australia; United States,"Spain's flagship red: savoury, fairly smooth and food-friendly. Cherry fruit with leather, tobacco and vanilla, usually softened by time in oak. Labels like Crianza and Reserva tell you how long it was aged.","Tempranillo (red grape). Spain's flagship red: savoury, fairly smooth and food-friendly. Cherry fruit with leather, tobacco and vanilla, usually softened by time in oak. Labels like Crianza and Reserva tell you how long it was aged. Body: Medium-bodied. Acidity: Low. Tannin: Firm. Sweetness: Dry. Alcohol: High (over 13.5%). Aromas: vanilla, tobacco, leather, plum, cherry. Flavours: red fruit, spice, dried herbs. Food pairings: grilled lamb; cured ham; paella with chorizo; Manchego. Ageing: Reserva-level bottles can age ten years or more. Origin: Ribera del Duero, Spain. Key regions: Rioja; Ribera del Duero; Portugal; Australia; United States."
Sangiovese,,Red,Medium-bodied,Medium,Firm,Dry,Moderate (12–13.5%),"leather, violet, tomato leaf, dried herbs, sour cherry","red cherry, earth, tea",tomato-based pasta; pizza; roast meats; hard cheese,Simple ones young; top bottles ten years or more,Italy,Toscana (Tuscany),,Chianti; Vino Nobile; Brunello di Montalcino; Chianti Classico; Montepulciano,"Italy's best-loved red and Tuscany's signature. It offers bright cherry, dried herbs and a touch of tomato leaf, with zippy acidity and firm tannins that suit it perfectly to mealtimes. Quality varies enormously, from simple to profound.","Sangiovese (red grape). Italy's best-loved red and Tuscany's signature. It offers bright cherry, dried herbs and a touch of tomato leaf, with zippy acidity and firm tannins that suit it perfectly to mealtimes. Quality varies enormously, from simple to profound. Body: Medium-bodied. Acidity: Medium. Tannin: Firm. Sweetness: Dry. Alcohol: Moderate (12–13.5%). Aromas: leather, violet, tomato leaf, dried herbs, sour cherry. Flavours: red cherry, earth, tea. Food pairings: tomato-based pasta; pizza; roast meats; hard cheese. Ageing: Simple ones young; top bottles ten years or more. Origin: Toscana (Tuscany), Italy. Key regions: Chianti; Vino Nobile; Brunello di Montalcino; Chianti Classico; Montepulciano."
Mourvèdre,"Monastrell, Mataró (Spain); Mataro (Australia, Catalonia)",Red,Very full-bodied,High,Firm,Dry,High (over 13.5%),"savoury meat, herbs, leather, plum, blackberry","dark fruit, spice, earth",slow-cooked lamb; game; barbecue; rich stews,Best with 5–15 years,Spain,Valencia,,Southern Rhône; Bandol (Provence); Spain; Jumilla; Yecla; Barossa Valley,"Dark, structured and a little wild. Brooding dark fruit with leather and meaty notes and firm tannins, and it needs lots of sun to ripen. Often blended with Grenache and Syrah; decanting helps it open up.","Mourvèdre (red grape). Dark, structured and a little wild. Brooding dark fruit with leather and meaty notes and firm tannins, and it needs lots of sun to ripen. Often blended with Grenache and Syrah; decanting helps it open up. Body: Very full-bodied. Acidity: High. Tannin: Firm. Sweetness: Dry. Alcohol: High (over 13.5%). Aromas: savoury meat, herbs, leather, plum, blackberry. Flavours: dark fruit, spice, earth. Food pairings: slow-cooked lamb; game; barbecue; rich stews. Ageing: Best with 5–15 years. Origin: Valencia, Spain. Also known as: Monastrell, Mataró (Spain); Mataro (Australia, Catalonia). Key regions: Southern Rhône; Bandol (Provence); Spain; Jumilla; Yecla; Barossa Valley."
Viognier,,White,Medium-bodied,Low,None,Dry,High (over 13.5%),"spice, jasmine, honeysuckle, apricot, peach","stone fruit, flowers, cream",roast chicken; mild curries; shellfish; soft cheese,Best enjoyed in the first two to four years,France,Rhône Valley,,"Rhône (Condrieu, Château-Grillet); Languedoc; California; Australia; South Africa","A lush, perfumed white with a rich, almost oily feel. Peach, apricot and flowers on the nose, but it's typically dry in the mouth and low in acidity. Best enjoyed fairly young while the perfume is vivid.","Viognier (white grape). A lush, perfumed white with a rich, almost oily feel. Peach, apricot and flowers on the nose, but it's typically dry in the mouth and low in acidity. Best enjoyed fairly young while the perfume is vivid. Body: Medium-bodied. Acidity: Low. Tannin: None. Sweetness: Dry. Alcohol: High (over 13.5%). Aromas: spice, jasmine, honeysuckle, apricot, peach. Flavours: stone fruit, flowers, cream. Food pairings: roast chicken; mild curries; shellfish; soft cheese. Ageing: Best enjoyed in the first two to four years. Origin: Rhône Valley, France. Key regions: Rhône (Condrieu, Château-Grillet); Languedoc; California; Australia; South Africa."
Touriga Nacional,,Red,Very full-bodied,Medium,Very firm,Dry,High (over 13.5%),"herbs, dark chocolate, rose, violet, blackberry","dark berries, flowers, spice",roast beef; stews; Iberian sausages; aged cheese,Often keeps improving for ten to twenty years,Portugal,Dão,,Dão; Douro; Alentejo,"Portugal's star red grape: dark, floral and powerful. Deep fruit, violets and firm tannins, used in Port and increasingly in dry reds. Very concentrated, so it's often blended.","Touriga Nacional (red grape). Portugal's star red grape: dark, floral and powerful. Deep fruit, violets and firm tannins, used in Port and increasingly in dry reds. Very concentrated, so it's often blended. Body: Very full-bodied. Acidity: Medium. Tannin: Very firm. Sweetness: Dry. Alcohol: High (over 13.5%). Aromas: herbs, dark chocolate, rose, violet, blackberry. Flavours: dark berries, flowers, spice. Food pairings: roast beef; stews; Iberian sausages; aged cheese. Ageing: Often keeps improving for ten to twenty years. Origin: Dão, Portugal. Key regions: Dão; Douro; Alentejo."
Petit Verdot,,Red,Full-bodied,High,Very firm,Dry,High (over 13.5%),"leather, black pepper, plum, blackberry, violet","dark fruit, spice, smoke",braised lamb; game; hard cheese; hearty stews,Improves over 8–15 years,France,Bordeaux,,Bordeaux; warmer New World regions; California; Spain; Australia; Chile,"A deeply coloured Bordeaux grape that ripens late and needs warmth. Powerful, tannic and floral, full of dark fruit and pepper. Traditionally a small blending grape, now bottled alone in warmer regions.","Petit Verdot (red grape). A deeply coloured Bordeaux grape that ripens late and needs warmth. Powerful, tannic and floral, full of dark fruit and pepper. Traditionally a small blending grape, now bottled alone in warmer regions. Body: Full-bodied. Acidity: High. Tannin: Very firm. Sweetness: Dry. Alcohol: High (over 13.5%). Aromas: leather, black pepper, plum, blackberry, violet. Flavours: dark fruit, spice, smoke. Food pairings: braised lamb; game; hard cheese; hearty stews. Ageing: Improves over 8–15 years. Origin: Bordeaux, France. Key regions: Bordeaux; warmer New World regions; California; Spain; Australia; Chile."
Pinot Gris,Pinot Grigio (Italian name); Grauburgunder (Germany),White,Medium-bodied,Medium,None,Dry,Moderate (12–13.5%),"spice, almond, honey, ripe peach, pear","orchard fruit, honey, spice",roast pork; creamy dishes; river fish; mild curry,Best enjoyed in the first 2–5 years,France,Alsace,Same grape as Pinot Grigio,Alsace; California (Alsace-style when labelled Pinot Gris),"A white with a little more weight than most. Pear, apple, honey and spice, usually fuller and richer in the Alsace style. The grape's skin is actually a greyish pink.","Pinot Gris (white grape). A white with a little more weight than most. Pear, apple, honey and spice, usually fuller and richer in the Alsace style. The grape's skin is actually a greyish pink. Body: Medium-bodied. Acidity: Medium. Tannin: None. Sweetness: Dry. Alcohol: Moderate (12–13.5%). Aromas: spice, almond, honey, ripe peach, pear. Flavours: orchard fruit, honey, spice. Food pairings: roast pork; creamy dishes; river fish; mild curry. Ageing: Best enjoyed in the first 2–5 years. Origin: Alsace, France. Same grape as Pinot Grigio. Also known as: Pinot Grigio (Italian name); Grauburgunder (Germany). Key regions: Alsace; California (Alsace-style when labelled Pinot Gris)."
Zinfandel,Primitivo,Red,Light to very full-bodied (style varies),Medium,Firm,Off-dry,High (over 13.5%),"anise, fig, black pepper, raspberry jam, blackberry","jammy fruit, spice, chocolate",barbecue; burgers; pizza; spicy sausages,Best enjoyed in the first 5–8 years,Croatia,,Genetically the same grape as Primitivo; its roots trace to Croatia,California; United States,"A big, jammy red; Primitivo is its Italian name. Ripe berries, spice and frequently lots of alcohol, and a lighter pink 'blush' version is also popular. Bold and generous.","Zinfandel (red grape). A big, jammy red; Primitivo is its Italian name. Ripe berries, spice and frequently lots of alcohol, and a lighter pink 'blush' version is also popular. Bold and generous. Body: Light to very full-bodied (style varies). Acidity: Medium. Tannin: Firm. Sweetness: Off-dry. Alcohol: High (over 13.5%). Aromas: anise, fig, black pepper, raspberry jam, blackberry. Flavours: jammy fruit, spice, chocolate. Food pairings: barbecue; burgers; pizza; spicy sausages. Ageing: Best enjoyed in the first 5–8 years. Origin: Croatia. Genetically the same grape as Primitivo; its roots trace to Croatia. Also known as: Primitivo. Key regions: California; United States."
Sémillon,,White,Full-bodied,Low,None,Dry (also made sweet),Moderate (12–13.5%),"honey, lanolin, fig, beeswax, lemon","citrus, honey, nuts",creamy chicken; shellfish; Asian dishes; blue cheese with sweet styles,Dry versions can age ten years or more,France,Bordeaux,,"Bordeaux (Sauternes, Bordeaux Blanc); Australia; Hunter Valley; Margaret River; South Africa","A rich, waxy white that's low in acidity. Lemon, wax and honey, made dry or sweet; noble rot gives some famous dessert wines. Dry versions develop in surprising and rewarding ways with age.","Sémillon (white grape). A rich, waxy white that's low in acidity. Lemon, wax and honey, made dry or sweet; noble rot gives some famous dessert wines. Dry versions develop in surprising and rewarding ways with age. Body: Full-bodied. Acidity: Low. Tannin: None. Sweetness: Dry (also made sweet). Alcohol: Moderate (12–13.5%). Aromas: honey, lanolin, fig, beeswax, lemon. Flavours: citrus, honey, nuts. Food pairings: creamy chicken; shellfish; Asian dishes; blue cheese with sweet styles. Ageing: Dry versions can age ten years or more. Origin: Bordeaux, France. Key regions: Bordeaux (Sauternes, Bordeaux Blanc); Australia; Hunter Valley; Margaret River; South Africa."
Carignan,"Carignane (California); Mazuelo, Cariñena (Spain); Mazuela; Bovale Grande (Sardinia)",Red,Full-bodied,High,Firm,Dry,High (over 13.5%),"earth, nutmeg, dried herbs, blackcurrant, blackberry","dark fruit, herbs, spice",grilled lamb; stews; sausages; roasted vegetables,Best enjoyed in the first 5–10 years,Spain,Priorat,Originally from Spain,Southern France; Spain; California; Rioja,"A dark, sturdy red that brings colour, acidity and tannin. Old vines give brambly fruit and savoury spice. Often a blending grape, but impressive alone when carefully made.","Carignan (red grape). A dark, sturdy red that brings colour, acidity and tannin. Old vines give brambly fruit and savoury spice. Often a blending grape, but impressive alone when carefully made. Body: Full-bodied. Acidity: High. Tannin: Firm. Sweetness: Dry. Alcohol: High (over 13.5%). Aromas: earth, nutmeg, dried herbs, blackcurrant, blackberry. Flavours: dark fruit, herbs, spice. Food pairings: grilled lamb; stews; sausages; roasted vegetables. Ageing: Best enjoyed in the first 5–10 years. Origin: Priorat, Spain. Originally from Spain. Also known as: Carignane (California); Mazuelo, Cariñena (Spain); Mazuela; Bovale Grande (Sardinia). Key regions: Southern France; Spain; California; Rioja."
Gewürztraminer,Roter Traminer,White,Full-bodied,Low,None,Off-dry to semi-sweet (dry versions exist),High (over 13.5%),"grapefruit, honey, ginger, rose petal, lychee","tropical fruit, spice, flowers",spicy Asian food; strong cheeses; pâté; roast pork,Best young; sweeter styles age well,France,Alsace,,Alsace; Italy (Alto Adige); Spain; Austria; Chile; Pfalz; Baden; South Tyrol; New Zealand,"Exuberantly perfumed, a conversation-starter in a glass. Lychee, rose and spice, a rich, oily feel and little acidity. It can seem sweet even when dry, so check the label.","Gewürztraminer (white grape). Exuberantly perfumed, a conversation-starter in a glass. Lychee, rose and spice, a rich, oily feel and little acidity. It can seem sweet even when dry, so check the label. Body: Full-bodied. Acidity: Low. Tannin: None. Sweetness: Off-dry to semi-sweet (dry versions exist). Alcohol: High (over 13.5%). Aromas: grapefruit, honey, ginger, rose petal, lychee. Flavours: tropical fruit, spice, flowers. Food pairings: spicy Asian food; strong cheeses; pâté; roast pork. Ageing: Best young; sweeter styles age well. Origin: Alsace, France. Also known as: Roter Traminer. Key regions: Alsace; Italy (Alto Adige); Spain; Austria; Chile; Pfalz; Baden; South Tyrol; New Zealand."
Chenin Blanc,Steen (South Africa),White,Medium-bodied,High,None,Bone-dry to sweet,Moderate (12–13.5%),"wet wool, chamomile, honey, apple, quince","orchard fruit, honey, citrus",pork; creamy chicken; mildly spicy dishes; blue cheese with sweet styles,Top bottles age very well,France,Loire Valley,,"Loire (Vouvray, Saumur); South Africa; Western Cape; California","A shape-shifter that goes anywhere from razor-dry to honeyed-sweet, still to sparkling. Bright acidity with orchard fruit, honey and a waxy note. Loire versions lean mineral, while South African ones are fruitier.","Chenin Blanc (white grape). A shape-shifter that goes anywhere from razor-dry to honeyed-sweet, still to sparkling. Bright acidity with orchard fruit, honey and a waxy note. Loire versions lean mineral, while South African ones are fruitier. Body: Medium-bodied. Acidity: High. Tannin: None. Sweetness: Bone-dry to sweet. Alcohol: Moderate (12–13.5%). Aromas: wet wool, chamomile, honey, apple, quince. Flavours: orchard fruit, honey, citrus. Food pairings: pork; creamy chicken; mildly spicy dishes; blue cheese with sweet styles. Ageing: Top bottles age very well. Origin: Loire Valley, France. Also known as: Steen (South Africa). Key regions: Loire (Vouvray, Saumur); South Africa; Western Cape; California."
Garnacha,Grenache Noir (France),Red,Very full-bodied,Low,Moderate,Dry,High (over 13.5%),"dried herbs, white pepper, red cherry, raspberry, strawberry","ripe red fruit, spice, warmth",tapas; roast chicken; paella; grilled meats,Best enjoyed in the first 3–10 years,Spain,Aragón,Same grape as Grenache Noir,Priorat; Southern Rhône; Mediterranean; United States; Australia,"The Spanish name for Grenache: sun-ripened, fruity and warm. Ripe strawberry-style fruit, spice and a smooth texture, and Priorat and Rioja put it to great use. Generous and drinkable.","Garnacha (red grape). The Spanish name for Grenache: sun-ripened, fruity and warm. Ripe strawberry-style fruit, spice and a smooth texture, and Priorat and Rioja put it to great use. Generous and drinkable. Body: Very full-bodied. Acidity: Low. Tannin: Moderate. Sweetness: Dry. Alcohol: High (over 13.5%). Aromas: dried herbs, white pepper, red cherry, raspberry, strawberry. Flavours: ripe red fruit, spice, warmth. Food pairings: tapas; roast chicken; paella; grilled meats. Ageing: Best enjoyed in the first 3–10 years. Origin: Aragón, Spain. Same grape as Grenache Noir. Also known as: Grenache Noir (France). Key regions: Priorat; Southern Rhône; Mediterranean; United States; Australia."
Nebbiolo,,Red,Full-bodied,High,Very firm,Dry,High (over 13.5%),"truffle, dried herbs, red cherry, tar, rose","cherry, spice, earth",mushroom risotto; braised beef; truffle dishes; aged hard cheese,Rewards 10–25 years,Italy,Piemonte (Piedmont),,Barolo; Barbaresco; Langhe; Roero; Valtellina; Ghemme; Gattinara,"Pale in colour but huge in presence. Rose, tar, cherry and dried herbs, backed by sharp acidity and firm tannins, so it demands patience. It's what Barolo and Barbaresco are made from.","Nebbiolo (red grape). Pale in colour but huge in presence. Rose, tar, cherry and dried herbs, backed by sharp acidity and firm tannins, so it demands patience. It's what Barolo and Barbaresco are made from. Body: Full-bodied. Acidity: High. Tannin: Very firm. Sweetness: Dry. Alcohol: High (over 13.5%). Aromas: truffle, dried herbs, red cherry, tar, rose. Flavours: cherry, spice, earth. Food pairings: mushroom risotto; braised beef; truffle dishes; aged hard cheese. Ageing: Rewards 10–25 years. Origin: Piemonte (Piedmont), Italy. Key regions: Barolo; Barbaresco; Langhe; Roero; Valtellina; Ghemme; Gattinara."
Carménère,,Red,Full-bodied,Low,Firm but velvety (softer than Cabernet Sauvignon),Dry,High (over 13.5%),"herbs, cocoa, spice, red pepper, blackberry","dark fruit, pepper, chocolate",grilled meats; empanadas; chilli; roasted vegetables,Best enjoyed in the first 5–10 years,France,Bordeaux,"Originally from Bordeaux, now mainly grown in Chile",Chile,"A velvety red with a signature whisper of green pepper. Dark fruit, spice and soft tannins; once thought lost, it now thrives in Chile. Smooth and savoury.","Carménère (red grape). A velvety red with a signature whisper of green pepper. Dark fruit, spice and soft tannins; once thought lost, it now thrives in Chile. Smooth and savoury. Body: Full-bodied. Acidity: Low. Tannin: Firm but velvety (softer than Cabernet Sauvignon). Sweetness: Dry. Alcohol: High (over 13.5%). Aromas: herbs, cocoa, spice, red pepper, blackberry. Flavours: dark fruit, pepper, chocolate. Food pairings: grilled meats; empanadas; chilli; roasted vegetables. Ageing: Best enjoyed in the first 5–10 years. Origin: Bordeaux, France. Originally from Bordeaux, now mainly grown in Chile. Key regions: Chile."
Pinot Grigio,Pinot Gris (French name),White,Medium-bodied,Medium,,,,"almond, white peach, melon, lemon, pear","citrus, pear, melon",seafood; salads; light pasta; antipasti,Best in its first year or two,Italy,,Italian name for Pinot Gris,Italy; California,"The Italian-style cousin of Pinot Gris: lighter, drier and made for easy sipping. Citrus, pear and a touch of melon, refreshing and uncomplicated. Chill it and enjoy.","Pinot Grigio (white grape). The Italian-style cousin of Pinot Gris: lighter, drier and made for easy sipping. Citrus, pear and a touch of melon, refreshing and uncomplicated. Chill it and enjoy. Body: Medium-bodied. Acidity: Medium. Aromas: almond, white peach, melon, lemon, pear. Flavours: citrus, pear, melon. Food pairings: seafood; salads; light pasta; antipasti. Ageing: Best in its first year or two. Origin: Italy. Italian name for Pinot Gris. Also known as: Pinot Gris (French name). Key regions: Italy; California."
Barbera,,Red,Medium-bodied,Medium to high,Low,Dry,Moderate (12–13.5%),"spice, licorice, plum, blackberry, cherry","sour cherry, plum, pepper",pizza; tomato pasta; salami; roast chicken,Best enjoyed in the first 4–6 years,Italy,Piemonte (Piedmont),,Piedmont; California,"A juicy, easy red with lively acidity and gentle tannins. Cherry and plum fruit with a tart edge that suits food. A true everyday Italian red.","Barbera (red grape). A juicy, easy red with lively acidity and gentle tannins. Cherry and plum fruit with a tart edge that suits food. A true everyday Italian red. Body: Medium-bodied. Acidity: Medium to high. Tannin: Low. Sweetness: Dry. Alcohol: Moderate (12–13.5%). Aromas: spice, licorice, plum, blackberry, cherry. Flavours: sour cherry, plum, pepper. Food pairings: pizza; tomato pasta; salami; roast chicken. Ageing: Best enjoyed in the first 4–6 years. Origin: Piemonte (Piedmont), Italy. Key regions: Piedmont; California."
Castelão,Periquita; João de Santarém; Castelão Francês,Red,Medium-bodied,Moderate,Moderate,Dry,Moderate (12–13.5%),"leather, pepper, cherry, red plum, raspberry","red fruit, spice, tobacco",grilled meats; sausages; hearty stews; hard cheese,Best enjoyed in the first 3–8 years,Portugal,Setúbal Peninsula,,"Setúbal (Pegões, Palmela); Tejo; Lisboa; Alentejo; Algarve","A juicy red from southern Portugal, often sold under the nickname Periquita. Red plum and raspberry with a peppery edge and firm but friendly tannins. It softens into spicy, leathery notes with age.","Castelão (red grape). A juicy red from southern Portugal, often sold under the nickname Periquita. Red plum and raspberry with a peppery edge and firm but friendly tannins. It softens into spicy, leathery notes with age. Body: Medium-bodied. Acidity: Moderate. Tannin: Moderate. Sweetness: Dry. Alcohol: Moderate (12–13.5%). Aromas: leather, pepper, cherry, red plum, raspberry. Flavours: red fruit, spice, tobacco. Food pairings: grilled meats; sausages; hearty stews; hard cheese. Ageing: Best enjoyed in the first 3–8 years. Origin: Setúbal Peninsula, Portugal. Also known as: Periquita; João de Santarém; Castelão Francês. Key regions: Setúbal (Pegões, Palmela); Tejo; Lisboa; Alentejo; Algarve."
Agiorgitiko,St. George; Blood of Hercules,Red,Full-bodied,High,Moderate,Dry,Moderate (12–13.5%),"herbs, olive, spice, plum, red cherry","red fruit, spice, herbs",moussaka; souvlaki; grilled lamb; tomato pasta,Best enjoyed in the first 5–12 years,Greece,"Nemea, Peloponnese",,Nemea (about 80% of production); Peloponnese; Attica; Macedonia,"Greece's best-known red, juicy and soft with an easy charm. Cherry and plum fruit, warm spice and velvety tannins. Made in styles from light rosé to rich, oaked red.","Agiorgitiko (red grape). Greece's best-known red, juicy and soft with an easy charm. Cherry and plum fruit, warm spice and velvety tannins. Made in styles from light rosé to rich, oaked red. Body: Full-bodied. Acidity: High. Tannin: Moderate. Sweetness: Dry. Alcohol: Moderate (12–13.5%). Aromas: herbs, olive, spice, plum, red cherry. Flavours: red fruit, spice, herbs. Food pairings: moussaka; souvlaki; grilled lamb; tomato pasta. Ageing: Best enjoyed in the first 5–12 years. Origin: Nemea, Peloponnese, Greece. Also known as: St. George; Blood of Hercules. Key regions: Nemea (about 80% of production); Peloponnese; Attica; Macedonia."
Cortese,,White,Light-bodied,High,None,Dry,Moderate (12–13.5%),"flint, almond, white peach, green apple, lemon","citrus, apple, minerals",young goat's cheese; pesto; lemony risotto; seafood,Best enjoyed in the first 2–4 years,Italy,Piemonte (Piedmont),,Gavi (Cortese di Gavi DOCG); Colli Tortonesi,"Piedmont's crisp, clean white, and the grape in Gavi wines. Think lemon, apple and almond with a chalky, stony finish. Light and refreshing.","Cortese (white grape). Piedmont's crisp, clean white, and the grape in Gavi wines. Think lemon, apple and almond with a chalky, stony finish. Light and refreshing. Body: Light-bodied. Acidity: High. Tannin: None. Sweetness: Dry. Alcohol: Moderate (12–13.5%). Aromas: flint, almond, white peach, green apple, lemon. Flavours: citrus, apple, minerals. Food pairings: young goat's cheese; pesto; lemony risotto; seafood. Ageing: Best enjoyed in the first 2–4 years. Origin: Piemonte (Piedmont), Italy. Key regions: Gavi (Cortese di Gavi DOCG); Colli Tortonesi."
Corvina,,Red,Full-bodied,High,Moderate,Dry,High (over 13.5%),"herbs, almond, violet, dried cherry, cherry","red cherry, spice, bitter almond",veal dishes; risotto; roast meats; aged cheese,Light styles within a few years; Amarone keeps 10+ years,Italy,Veneto (Valpolicella),,Valpolicella; Amarone; Recioto della Valpolicella,"The main grape of Valpolicella and the rich, powerful Amarone. Bright cherry and violet with lively acidity; drying the grapes before pressing gives Amarone its richness. Styles go from airy and fruity to deep and opulent.","Corvina (red grape). The main grape of Valpolicella and the rich, powerful Amarone. Bright cherry and violet with lively acidity; drying the grapes before pressing gives Amarone its richness. Styles go from airy and fruity to deep and opulent. Body: Full-bodied. Acidity: High. Tannin: Moderate. Sweetness: Dry. Alcohol: High (over 13.5%). Aromas: herbs, almond, violet, dried cherry, cherry. Flavours: red cherry, spice, bitter almond. Food pairings: veal dishes; risotto; roast meats; aged cheese. Ageing: Light styles within a few years; Amarone keeps 10+ years. Origin: Veneto (Valpolicella), Italy. Key regions: Valpolicella; Amarone; Recioto della Valpolicella."
Mencía,Jaen (Portugal),Red,Medium-bodied,High,Moderate,Dry,Moderate (12–13.5%),"slate, herbs, violet, raspberry, red cherry","red fruit, herbs, minerals",grilled meats; chorizo; mushroom dishes; stews,Best enjoyed in the first 3–8 years,Spain,Bierzo and Ribeira Sacra,,Bierzo (Castile and León); Ribeira Sacra (Galicia),"A fresh, mineral red from Spain's north-west. Cherry, raspberry and violet with herbal freshness and fine tannins. Vines on steep, slaty slopes give wines with real character.","Mencía (red grape). A fresh, mineral red from Spain's north-west. Cherry, raspberry and violet with herbal freshness and fine tannins. Vines on steep, slaty slopes give wines with real character. Body: Medium-bodied. Acidity: High. Tannin: Moderate. Sweetness: Dry. Alcohol: Moderate (12–13.5%). Aromas: slate, herbs, violet, raspberry, red cherry. Flavours: red fruit, herbs, minerals. Food pairings: grilled meats; chorizo; mushroom dishes; stews. Ageing: Best enjoyed in the first 3–8 years. Origin: Bierzo and Ribeira Sacra, Spain. Also known as: Jaen (Portugal). Key regions: Bierzo (Castile and León); Ribeira Sacra (Galicia)."
Bobal,,Red,Medium-bodied,High,Moderate,Dry,Moderate (12–13.5%),"pepper, herbs, plum, blackberry, red cherry","red fruit, herbs, spice",paella; grilled lamb; tapas; roast chicken,Young wines in 2–3 years; better ones keep much longer,Spain,Valencia and Utiel-Requena,,Valencia; Utiel-Requena,"A deeply coloured Spanish red with bright acidity and plenty of red fruit. Light and fresh when young, richer and more serious after time in barrel. A good-value find from the Valencia area.","Bobal (red grape). A deeply coloured Spanish red with bright acidity and plenty of red fruit. Light and fresh when young, richer and more serious after time in barrel. A good-value find from the Valencia area. Body: Medium-bodied. Acidity: High. Tannin: Moderate. Sweetness: Dry. Alcohol: Moderate (12–13.5%). Aromas: pepper, herbs, plum, blackberry, red cherry. Flavours: red fruit, herbs, spice. Food pairings: paella; grilled lamb; tapas; roast chicken. Ageing: Young wines in 2–3 years; better ones keep much longer. Origin: Valencia and Utiel-Requena, Spain. Key regions: Valencia; Utiel-Requena."
Malvasia,,White,Medium-bodied,Low,None,Off-dry (dry and sweet versions exist),Moderate (12–13.5%),"white flowers, almond, honey, peach, apricot","stone fruit, honey, nuts",seafood; light poultry; blue cheese with sweet styles; desserts,Dry styles in the first few years; sweet styles keep much longer,,,"A family of related grapes, not one single variety",Italy; Portugal (including Madeira); Spain; Greece; Canary Islands; Croatia,"Not one grape but a sprawling ancient clan of relatives. The wines are usually aromatic and generous with apricot, honey and almond, in dry, sparkling or sweet styles. Always check which style is in the bottle.","Malvasia (white grape). Not one grape but a sprawling ancient clan of relatives. The wines are usually aromatic and generous with apricot, honey and almond, in dry, sparkling or sweet styles. Always check which style is in the bottle. Body: Medium-bodied. Acidity: Low. Tannin: None. Sweetness: Off-dry (dry and sweet versions exist). Alcohol: Moderate (12–13.5%). Aromas: white flowers, almond, honey, peach, apricot. Flavours: stone fruit, honey, nuts. Food pairings: seafood; light poultry; blue cheese with sweet styles; desserts. Ageing: Dry styles in the first few years; sweet styles keep much longer. A family of related grapes, not one single variety. Key regions: Italy; Portugal (including Madeira); Spain; Greece; Canary Islands; Croatia."
Alicante Bouschet,,Red,Full-bodied,Moderate,Firm,Dry,High (over 13.5%),"herbs, pepper, plum, black cherry, blackberry","dark fruit, pepper, spice",braised beef; grilled steak; game; aged cheese,Best enjoyed in the first 5–15 years,France,,Created in France in the 19th century,Portugal,"An unusual grape with red flesh as well as red skin, giving almost ink-black wines. Powerful, peppery and rich in dark berries. It copes well with heat and drought.","Alicante Bouschet (red grape). An unusual grape with red flesh as well as red skin, giving almost ink-black wines. Powerful, peppery and rich in dark berries. It copes well with heat and drought. Body: Full-bodied. Acidity: Moderate. Tannin: Firm. Sweetness: Dry. Alcohol: High (over 13.5%). Aromas: herbs, pepper, plum, black cherry, blackberry. Flavours: dark fruit, pepper, spice. Food pairings: braised beef; grilled steak; game; aged cheese. Ageing: Best enjoyed in the first 5–15 years. Origin: France. Created in France in the 19th century. Key regions: Portugal."
Parellada,,White,Light-bodied,High,None,Dry,Light (under 12%),"aniseed, white flowers, citrus, pear, green apple","green fruit, citrus, flowers",oysters; fried fish; tapas; salads,Drink young,Spain,Catalonia (Penedès),,Higher sites of the Penedès,"A delicate white from Catalonia that's part of the traditional Cava trio. Light, floral and zippy, with apple and lemony notes, and modest alcohol. Best drunk young.","Parellada (white grape). A delicate white from Catalonia that's part of the traditional Cava trio. Light, floral and zippy, with apple and lemony notes, and modest alcohol. Best drunk young. Body: Light-bodied. Acidity: High. Tannin: None. Sweetness: Dry. Alcohol: Light (under 12%). Aromas: aniseed, white flowers, citrus, pear, green apple. Flavours: green fruit, citrus, flowers. Food pairings: oysters; fried fish; tapas; salads. Ageing: Drink young. Origin: Catalonia (Penedès), Spain. Key regions: Higher sites of the Penedès."
Gutedel,Chasselas (Switzerland),White,Light-bodied,Moderate,None,Dry,Light (under 12%),"flint, almond, white peach, pear, green apple","apple, pear, minerals",onion tart; river fish; asparagus; light salads,Drink young,Germany,Baden (Markgräflerland),,Markgräflerland (Baden); Switzerland (as Chasselas),"A gentle, light German white that lets the soil do the talking. Subtle apple and pear with a minerally touch and low alcohol. Pleasant for summer sipping and lighter food.","Gutedel (white grape). A gentle, light German white that lets the soil do the talking. Subtle apple and pear with a minerally touch and low alcohol. Pleasant for summer sipping and lighter food. Body: Light-bodied. Acidity: Moderate. Tannin: None. Sweetness: Dry. Alcohol: Light (under 12%). Aromas: flint, almond, white peach, pear, green apple. Flavours: apple, pear, minerals. Food pairings: onion tart; river fish; asparagus; light salads. Ageing: Drink young. Origin: Baden (Markgräflerland), Germany. Also known as: Chasselas (Switzerland). Key regions: Markgräflerland (Baden); Switzerland (as Chasselas)."
Albariño,Alvarinho (Portugal),White,Light-bodied,Very high,None,Dry,Moderate (12–13.5%),"sea spray, apricot, peach, grapefruit, lemon","citrus, stone fruit, minerals",seafood; sushi; grilled fish; goat's cheese,Best in its first couple of years,Spain,Galicia (Rías Baixas),,Rías Baixas; northern Portugal,"The crisp, salty-fresh white of Spain's Atlantic coast. Zesty lemon-lime and peachy fruit, ending on a briny, mineral note. Made for seafood.","Albariño (white grape). The crisp, salty-fresh white of Spain's Atlantic coast. Zesty lemon-lime and peachy fruit, ending on a briny, mineral note. Made for seafood. Body: Light-bodied. Acidity: Very high. Tannin: None. Sweetness: Dry. Alcohol: Moderate (12–13.5%). Aromas: sea spray, apricot, peach, grapefruit, lemon. Flavours: citrus, stone fruit, minerals. Food pairings: seafood; sushi; grilled fish; goat's cheese. Ageing: Best in its first couple of years. Origin: Galicia (Rías Baixas), Spain. Also known as: Alvarinho (Portugal). Key regions: Rías Baixas; northern Portugal."
Dornfelder,,Red,Full-bodied,Moderate,Moderate,Dry,Moderate (12–13.5%),"vanilla, chocolate, plum, blackberry, black cherry","dark fruit, vanilla, soft spice",roast beef; game; sausages; hard cheese,Best enjoyed in the first 3–6 years,Germany,Württemberg,A German-bred cross,Pfalz; Rheinhessen; Switzerland; England,"A German red bred for deep colour and soft, easy drinking. Dark berries and cherry with gentle tannins; styles run light and juicy through to rich and barrel-aged. Often blended to deepen other wines' colour.","Dornfelder (red grape). A German red bred for deep colour and soft, easy drinking. Dark berries and cherry with gentle tannins; styles run light and juicy through to rich and barrel-aged. Often blended to deepen other wines' colour. Body: Full-bodied. Acidity: Moderate. Tannin: Moderate. Sweetness: Dry. Alcohol: Moderate (12–13.5%). Aromas: vanilla, chocolate, plum, blackberry, black cherry. Flavours: dark fruit, vanilla, soft spice. Food pairings: roast beef; game; sausages; hard cheese. Ageing: Best enjoyed in the first 3–6 years. Origin: Württemberg, Germany. A German-bred cross. Key regions: Pfalz; Rheinhessen; Switzerland; England."
Aligoté,,White,Light-bodied,Very high,None,Dry,Light (under 12%),"chalk, flowers, white peach, green apple, lemon","citrus, apple, minerals",goat's cheese; quiche; fish terrine; a pre-dinner Kir,Best enjoyed in the first 1–3 years,France,Burgundy,,Burgundy (Bourgogne Aligoté AOC),"Burgundy's lesser-known white, crisp and lively. Citrus and green apple with bracing acidity and light body. It's the classic choice for making Kir, the blackcurrant-liqueur cocktail.","Aligoté (white grape). Burgundy's lesser-known white, crisp and lively. Citrus and green apple with bracing acidity and light body. It's the classic choice for making Kir, the blackcurrant-liqueur cocktail. Body: Light-bodied. Acidity: Very high. Tannin: None. Sweetness: Dry. Alcohol: Light (under 12%). Aromas: chalk, flowers, white peach, green apple, lemon. Flavours: citrus, apple, minerals. Food pairings: goat's cheese; quiche; fish terrine; a pre-dinner Kir. Ageing: Best enjoyed in the first 1–3 years. Origin: Burgundy, France. Key regions: Burgundy (Bourgogne Aligoté AOC)."
Scheurebe,,White,Medium-bodied,High,None,Off-dry (dry to sweet versions exist),Moderate (12–13.5%),"herbs, passion fruit, peach, blackcurrant, grapefruit","citrus, tropical fruit, blackcurrant",Asian dishes; spiced fish; salads; soft cheese,Best enjoyed in the first 2–5 years,Germany,"Pfalz, Rheinhessen and Franken",Created in Germany in the early 20th century,Pfalz; Rheinhessen; Franken,"A strikingly fragrant German white that smells of ruby grapefruit and cassis. Brisk acidity, made dry through to sweet. Unmistakable once you've smelled it.","Scheurebe (white grape). A strikingly fragrant German white that smells of ruby grapefruit and cassis. Brisk acidity, made dry through to sweet. Unmistakable once you've smelled it. Body: Medium-bodied. Acidity: High. Tannin: None. Sweetness: Off-dry (dry to sweet versions exist). Alcohol: Moderate (12–13.5%). Aromas: herbs, passion fruit, peach, blackcurrant, grapefruit. Flavours: citrus, tropical fruit, blackcurrant. Food pairings: Asian dishes; spiced fish; salads; soft cheese. Ageing: Best enjoyed in the first 2–5 years. Origin: Pfalz, Rheinhessen and Franken, Germany. Created in Germany in the early 20th century. Key regions: Pfalz; Rheinhessen; Franken."
Gamay,,Red,Light-bodied,High,Low,Dry,Moderate (12–13.5%),"banana, violet, raspberry, strawberry, red cherry","red berries, flowers, pepper",charcuterie; roast chicken; mushroom dishes; soft cheese,Mostly young; the best Beaujolais crus keep a few years longer,France,Beaujolais,,Beaujolais,"The grape of Beaujolais and a great choice if you like red wine without heavy tannins. Bright, juicy berries and a floral lift, light and refreshing. Lightly chilled, it's a delight.","Gamay (red grape). The grape of Beaujolais and a great choice if you like red wine without heavy tannins. Bright, juicy berries and a floral lift, light and refreshing. Lightly chilled, it's a delight. Body: Light-bodied. Acidity: High. Tannin: Low. Sweetness: Dry. Alcohol: Moderate (12–13.5%). Aromas: banana, violet, raspberry, strawberry, red cherry. Flavours: red berries, flowers, pepper. Food pairings: charcuterie; roast chicken; mushroom dishes; soft cheese. Ageing: Mostly young; the best Beaujolais crus keep a few years longer. Origin: Beaujolais, France. Key regions: Beaujolais."
Blaufränkisch,Kékfrankos (Hungary); Lemberger (Germany),Red,Full-bodied,High,Firm,Dry,Moderate (12–13.5%),"earth, violet, black pepper, blackberry, black cherry","dark fruit, pepper, minerals",goulash; braised beef; game; aged cheese,Good examples 8–15 years,Austria,Mittelburgenland,,Mittelburgenland (Austria); Hungary; Germany,"A peppery, vibrant red from Central Europe. Dark cherry and blackberry with violets, kept fresh by lively acidity, plus firm, grippy tannins. Known as Lemberger in Germany and Kékfrankos in Hungary.","Blaufränkisch (red grape). A peppery, vibrant red from Central Europe. Dark cherry and blackberry with violets, kept fresh by lively acidity, plus firm, grippy tannins. Known as Lemberger in Germany and Kékfrankos in Hungary. Body: Full-bodied. Acidity: High. Tannin: Firm. Sweetness: Dry. Alcohol: Moderate (12–13.5%). Aromas: earth, violet, black pepper, blackberry, black cherry. Flavours: dark fruit, pepper, minerals. Food pairings: goulash; braised beef; game; aged cheese. Ageing: Good examples 8–15 years. Origin: Mittelburgenland, Austria. Also known as: Kékfrankos (Hungary); Lemberger (Germany). Key regions: Mittelburgenland (Austria); Hungary; Germany."
Assyrtiko,,White,Full-bodied,Very high,None,Dry,High (over 13.5%),"flint, green apple, sea salt, wet stone, lemon","citrus, minerals, salt",grilled fish; mezze; goat's cheese; roast chicken,Top bottles 5–15 years,Greece,Santorini,,Santorini; Chalkidiki; Macedonia; Drama,"The flagship white of the Greek island of Santorini. Piercing acidity, citrus and a salty, volcanic minerality with real weight. Brilliant with seafood.","Assyrtiko (white grape). The flagship white of the Greek island of Santorini. Piercing acidity, citrus and a salty, volcanic minerality with real weight. Brilliant with seafood. Body: Full-bodied. Acidity: Very high. Tannin: None. Sweetness: Dry. Alcohol: High (over 13.5%). Aromas: flint, green apple, sea salt, wet stone, lemon. Flavours: citrus, minerals, salt. Food pairings: grilled fish; mezze; goat's cheese; roast chicken. Ageing: Top bottles 5–15 years. Origin: Santorini, Greece. Key regions: Santorini; Chalkidiki; Macedonia; Drama."
Grüner Veltliner,,White,Medium-bodied,High,None,Dry,Moderate (12–13.5%),"mineral, fresh herbs, white pepper, lime, green apple","citrus, apple, spice",veal schnitzel; sushi; Asian dishes; salads,Simple ones young; top bottles 10+ years,Austria,Lower Austria,,Wachau; Kremstal; Kamptal; Weinviertel,"Austria's calling-card white: fresh, herbal and peppery. Crunchy apple and lime with a white-pepper bite, light and zippy in some versions and rich and stony in others. Brilliant with lots of foods.","Grüner Veltliner (white grape). Austria's calling-card white: fresh, herbal and peppery. Crunchy apple and lime with a white-pepper bite, light and zippy in some versions and rich and stony in others. Brilliant with lots of foods. Body: Medium-bodied. Acidity: High. Tannin: None. Sweetness: Dry. Alcohol: Moderate (12–13.5%). Aromas: mineral, fresh herbs, white pepper, lime, green apple. Flavours: citrus, apple, spice. Food pairings: veal schnitzel; sushi; Asian dishes; salads. Ageing: Simple ones young; top bottles 10+ years. Origin: Lower Austria, Austria. Key regions: Wachau; Kremstal; Kamptal; Weinviertel."
Vermentino,Rolle (Provence); Pigato (Liguria); Favorita (Piedmont),White,Medium-bodied,High,None,Dry,Moderate (12–13.5%),"sea salt, almond, green apple, white peach, citrus","citrus, stone fruit, herbs",oysters; grilled fish; pesto; lemony pasta,Best enjoyed in the first 2–5 years,Italy,"Sardinia, Liguria and Corsica",,Sardinia; Liguria; Corsica; Provence,"A sunny seaside white with a briny, ocean-air edge. Citrus and white peach with zesty acidity and a refreshing finish. Perfect for lunches by the water.","Vermentino (white grape). A sunny seaside white with a briny, ocean-air edge. Citrus and white peach with zesty acidity and a refreshing finish. Perfect for lunches by the water. Body: Medium-bodied. Acidity: High. Tannin: None. Sweetness: Dry. Alcohol: Moderate (12–13.5%). Aromas: sea salt, almond, green apple, white peach, citrus. Flavours: citrus, stone fruit, herbs. Food pairings: oysters; grilled fish; pesto; lemony pasta. Ageing: Best enjoyed in the first 2–5 years. Origin: Sardinia, Liguria and Corsica, Italy. Also known as: Rolle (Provence); Pigato (Liguria); Favorita (Piedmont). Key regions: Sardinia; Liguria; Corsica; Provence."
Verdejo,,White,Medium-bodied,High,None,Dry,Moderate (12–13.5%),"wet stone, fennel, white peach, grapefruit, lime","citrus, herbs, stone fruit",seafood; goat's cheese; vegetable dishes; light poultry,Best enjoyed in the first 1–3 years,Spain,Rueda (Castilla y León),,Rueda (D.O.),"Rueda's signature white. Zesty lime and grapefruit with a whiff of fennel, and a silkier texture if it's rested on its lees. Fresh, savoury and very drinkable.","Verdejo (white grape). Rueda's signature white. Zesty lime and grapefruit with a whiff of fennel, and a silkier texture if it's rested on its lees. Fresh, savoury and very drinkable. Body: Medium-bodied. Acidity: High. Tannin: None. Sweetness: Dry. Alcohol: Moderate (12–13.5%). Aromas: wet stone, fennel, white peach, grapefruit, lime. Flavours: citrus, herbs, stone fruit. Food pairings: seafood; goat's cheese; vegetable dishes; light poultry. Ageing: Best enjoyed in the first 1–3 years. Origin: Rueda (Castilla y León), Spain. Key regions: Rueda (D.O.)."
Arinto,,White,Medium-bodied,Very high,None,Dry,Moderate (12–13.5%),"sea air, chalk, white peach, green apple, lemon","citrus, apple, minerals",grilled sardines; salad with fresh chèvre and walnuts; octopus; ceviche,Fresh for 2–5 years; good ones longer,Portugal,,,Portugal; Bucelas; Lisboa,"A Portuguese white that stays sharp and fresh even in great heat. Citrus and orchard fruit over a wet-stone minerality, crisp and long-lived. Very food-friendly.","Arinto (white grape). A Portuguese white that stays sharp and fresh even in great heat. Citrus and orchard fruit over a wet-stone minerality, crisp and long-lived. Very food-friendly. Body: Medium-bodied. Acidity: Very high. Tannin: None. Sweetness: Dry. Alcohol: Moderate (12–13.5%). Aromas: sea air, chalk, white peach, green apple, lemon. Flavours: citrus, apple, minerals. Food pairings: grilled sardines; salad with fresh chèvre and walnuts; octopus; ceviche. Ageing: Fresh for 2–5 years; good ones longer. Origin: Portugal. Key regions: Portugal; Bucelas; Lisboa."
Pinotage,,Red,Full-bodied,Moderate,Moderate,Dry,High (over 13.5%),"pepper, coffee, smoke, strawberry, red plum","red fruit, smoke, spice",barbecued meats; sausages; spiced stews; tagines,Best enjoyed in the first 3–8 years,South Africa,"Stellenbosch, Paarl and Swartland","Cross of Pinot Noir and Cinsault, created in South Africa",Stellenbosch; Paarl; Swartland,"A South African original, bred from Pinot Noir and Cinsault. Red plum and strawberry with smoky, coffee-like notes. Its bold style divides opinion, so it's worth trying for yourself.","Pinotage (red grape). A South African original, bred from Pinot Noir and Cinsault. Red plum and strawberry with smoky, coffee-like notes. Its bold style divides opinion, so it's worth trying for yourself. Body: Full-bodied. Acidity: Moderate. Tannin: Moderate. Sweetness: Dry. Alcohol: High (over 13.5%). Aromas: pepper, coffee, smoke, strawberry, red plum. Flavours: red fruit, smoke, spice. Food pairings: barbecued meats; sausages; spiced stews; tagines. Ageing: Best enjoyed in the first 3–8 years. Origin: Stellenbosch, Paarl and Swartland, South Africa. Cross of Pinot Noir and Cinsault, created in South Africa. Key regions: Stellenbosch; Paarl; Swartland."
Trebbiano Toscano,Ugni Blanc (France),White,Light-bodied,High,None,Dry,Moderate (12–13.5%),"white flowers, almond, chalk, green apple, lemon","citrus, apple, almond",fried seafood; lemony pasta; grilled fish; salads,Drink young,Italy,Tuscany,,Italy; France (as Ugni Blanc),"Italy's everyday white, light, crisp and simple. Citrus, crisp apple and a faint stony touch. Careful growers can make something more characterful.","Trebbiano Toscano (white grape). Italy's everyday white, light, crisp and simple. Citrus, crisp apple and a faint stony touch. Careful growers can make something more characterful. Body: Light-bodied. Acidity: High. Tannin: None. Sweetness: Dry. Alcohol: Moderate (12–13.5%). Aromas: white flowers, almond, chalk, green apple, lemon. Flavours: citrus, apple, almond. Food pairings: fried seafood; lemony pasta; grilled fish; salads. Ageing: Drink young. Origin: Tuscany, Italy. Also known as: Ugni Blanc (France). Key regions: Italy; France (as Ugni Blanc)."
Negroamaro,,Red,Full-bodied,Low,Firm,Dry,High (over 13.5%),"pepper, herbs, licorice, plum, black cherry","dark fruit, spice, earth",orecchiette; roast lamb; grilled vegetables; hard cheese,Best enjoyed in the first 4–10 years,Italy,Puglia (Salento),,Puglia (Salento),"The dark, warm-hearted red of Puglia in Italy's heel. Dark cherry and plum alongside licorice and herbs, finishing round and velvety. Its name means 'black bitter', yet the wines taste generous.","Negroamaro (red grape). The dark, warm-hearted red of Puglia in Italy's heel. Dark cherry and plum alongside licorice and herbs, finishing round and velvety. Its name means 'black bitter', yet the wines taste generous. Body: Full-bodied. Acidity: Low. Tannin: Firm. Sweetness: Dry. Alcohol: High (over 13.5%). Aromas: pepper, herbs, licorice, plum, black cherry. Flavours: dark fruit, spice, earth. Food pairings: orecchiette; roast lamb; grilled vegetables; hard cheese. Ageing: Best enjoyed in the first 4–10 years. Origin: Puglia (Salento), Italy. Key regions: Puglia (Salento)."
Airén,,White,Light-bodied,Low,None,Dry,Moderate (12–13.5%),"herbs, melon, pear, green apple, citrus","light citrus, apple, melon",tapas; rice dishes; salads; cold soups,Drink young and well chilled,Spain,La Mancha,,La Mancha,"A Spanish white planted on a huge scale and built for easy drinking. Light, fresh and fairly plain, with delicate fruit. It shrugs off drought, and is distilled into brandy too.","Airén (white grape). A Spanish white planted on a huge scale and built for easy drinking. Light, fresh and fairly plain, with delicate fruit. It shrugs off drought, and is distilled into brandy too. Body: Light-bodied. Acidity: Low. Tannin: None. Sweetness: Dry. Alcohol: Moderate (12–13.5%). Aromas: herbs, melon, pear, green apple, citrus. Flavours: light citrus, apple, melon. Food pairings: tapas; rice dishes; salads; cold soups. Ageing: Drink young and well chilled. Origin: La Mancha, Spain. Key regions: La Mancha."
St. Laurent,,Red,Medium to full-bodied,Moderate,Moderate,Dry,Moderate (12–13.5%),"earth, pepper, violet, raspberry, black cherry","red fruit, spice, earth",goulash; braised beef; game; mushroom dishes,Best enjoyed in the first 5–12 years,Austria,Burgenland,,Burgenland; Thermenregion; Pfalz; Rheinhessen,"A velvety, Pinot Noir-like red that's one of Austria's finest. Dark cherry and raspberry with violets, earthy spice and soft tannins. Graceful and great with food.","St. Laurent (red grape). A velvety, Pinot Noir-like red that's one of Austria's finest. Dark cherry and raspberry with violets, earthy spice and soft tannins. Graceful and great with food. Body: Medium to full-bodied. Acidity: Moderate. Tannin: Moderate. Sweetness: Dry. Alcohol: Moderate (12–13.5%). Aromas: earth, pepper, violet, raspberry, black cherry. Flavours: red fruit, spice, earth. Food pairings: goulash; braised beef; game; mushroom dishes. Ageing: Best enjoyed in the first 5–12 years. Origin: Burgenland, Austria. Key regions: Burgenland; Thermenregion; Pfalz; Rheinhessen."
Pinot Blanc,Weissburgunder (Germany),White,Medium-bodied,Moderate,None,Dry,Moderate (12–13.5%),"chalk, almond, white peach, pear, green apple","orchard fruit, nuts, minerals",poultry; fish; creamy pasta; asparagus,Best enjoyed in the first 2–4 years,France,Burgundy,A mutation of Pinot Noir,Baden; Pfalz; Alsace; Alto Adige (South Tyrol); Austria,"A fresh, gentle white with refined fruit. Crisp apple, pear and a nutty note; zippy from steel tanks and creamier when oaked. A calm, adaptable white.","Pinot Blanc (white grape). A fresh, gentle white with refined fruit. Crisp apple, pear and a nutty note; zippy from steel tanks and creamier when oaked. A calm, adaptable white. Body: Medium-bodied. Acidity: Moderate. Tannin: None. Sweetness: Dry. Alcohol: Moderate (12–13.5%). Aromas: chalk, almond, white peach, pear, green apple. Flavours: orchard fruit, nuts, minerals. Food pairings: poultry; fish; creamy pasta; asparagus. Ageing: Best enjoyed in the first 2–4 years. Origin: Burgundy, France. A mutation of Pinot Noir. Also known as: Weissburgunder (Germany). Key regions: Baden; Pfalz; Alsace; Alto Adige (South Tyrol); Austria."
Nero d'Avola,,Red,Full-bodied,Moderate,Firm,Dry,High (over 13.5%),"pepper, licorice, dried herbs, plum, black cherry","dark fruit, herbs, spice",pasta alla Norma; grilled lamb; hard sheep's cheese; beef stew,Easy ones 3–5 years; better ones 8+ years,Italy,Sicily,,Sicily,"Sicily's signature red, sun-ripened and full of flavour. Dark cherry and plum, herbs and warm spice, in styles ranging from easygoing to rich and oaked. Often great value.","Nero d'Avola (red grape). Sicily's signature red, sun-ripened and full of flavour. Dark cherry and plum, herbs and warm spice, in styles ranging from easygoing to rich and oaked. Often great value. Body: Full-bodied. Acidity: Moderate. Tannin: Firm. Sweetness: Dry. Alcohol: High (over 13.5%). Aromas: pepper, licorice, dried herbs, plum, black cherry. Flavours: dark fruit, herbs, spice. Food pairings: pasta alla Norma; grilled lamb; hard sheep's cheese; beef stew. Ageing: Easy ones 3–5 years; better ones 8+ years. Origin: Sicily, Italy. Key regions: Sicily."
Elbling,,White,Light-bodied,Very high,None,Dry,Light (under 12%),"pear, cut grass, chalk, lemon, green apple","citrus, apple, minerals",onion tart; quiche; oysters; goat's cheese,Drink young,Germany,Upper Mosel,,Upper Mosel; Luxembourg; Pfalz,"An ancient Mosel grape, among Europe's earliest. Searing acidity, a light feel and low alcohol, plus stony freshness. Mainly made into sparkling and easygoing still whites.","Elbling (white grape). An ancient Mosel grape, among Europe's earliest. Searing acidity, a light feel and low alcohol, plus stony freshness. Mainly made into sparkling and easygoing still whites. Body: Light-bodied. Acidity: Very high. Tannin: None. Sweetness: Dry. Alcohol: Light (under 12%). Aromas: pear, cut grass, chalk, lemon, green apple. Flavours: citrus, apple, minerals. Food pairings: onion tart; quiche; oysters; goat's cheese. Ageing: Drink young. Origin: Upper Mosel, Germany. Key regions: Upper Mosel; Luxembourg; Pfalz."
Frühburgunder,,Red,Medium-bodied,High,Moderate,Dry,Moderate (12–13.5%),"herbs, rose, raspberry, strawberry, red cherry","red fruit, flowers, spice",roast duck; beef fillet; mushroom dishes; soft cheese,Best enjoyed in the first 3–8 years,Germany,"Ahr, Württemberg, Pfalz and Franconia",A mutation of Pinot Noir,Ahr; Württemberg; Pfalz; Franconia,"A scarce German relative of Pinot Noir, ripening a bit sooner. Graceful and fruity with cherries, strawberries and rose petals, medium body and fine tannins. A little-known gem.","Frühburgunder (red grape). A scarce German relative of Pinot Noir, ripening a bit sooner. Graceful and fruity with cherries, strawberries and rose petals, medium body and fine tannins. A little-known gem. Body: Medium-bodied. Acidity: High. Tannin: Moderate. Sweetness: Dry. Alcohol: Moderate (12–13.5%). Aromas: herbs, rose, raspberry, strawberry, red cherry. Flavours: red fruit, flowers, spice. Food pairings: roast duck; beef fillet; mushroom dishes; soft cheese. Ageing: Best enjoyed in the first 3–8 years. Origin: Ahr, Württemberg, Pfalz and Franconia, Germany. A mutation of Pinot Noir. Key regions: Ahr; Württemberg; Pfalz; Franconia."
Verdelho,,White,Medium-bodied,High,None,Dry (Madeira versions medium-dry),Moderate (12–13.5%),"herbs, white peach, honeydew, citrus, lime","citrus, melon, herbs",grilled fish; Asian dishes; roast chicken; soup,Best enjoyed in the first 2–4 years,Portugal,Madeira and the mainland,,Madeira; mainland Portugal; Hunter Valley (Australia),"A zesty white with lime, grapefruit-style zest and melon plus fresh herbs. Made as a dry table wine in Portugal and Australia, and as a fortified style in Madeira. Often confused with Verdejo, but a different grape.","Verdelho (white grape). A zesty white with lime, grapefruit-style zest and melon plus fresh herbs. Made as a dry table wine in Portugal and Australia, and as a fortified style in Madeira. Often confused with Verdejo, but a different grape. Body: Medium-bodied. Acidity: High. Tannin: None. Sweetness: Dry (Madeira versions medium-dry). Alcohol: Moderate (12–13.5%). Aromas: herbs, white peach, honeydew, citrus, lime. Flavours: citrus, melon, herbs. Food pairings: grilled fish; Asian dishes; roast chicken; soup. Ageing: Best enjoyed in the first 2–4 years. Origin: Madeira and the mainland, Portugal. Key regions: Madeira; mainland Portugal; Hunter Valley (Australia)."
Verdicchio,,White,Medium-bodied,High,None,Dry,Moderate (12–13.5%),"chalk, white peach, almond, green apple, lemon","citrus, almond, minerals",seafood; seafood pasta; soft cheese; roast vegetables,Simple ones young; the best 5+ years,Italy,Le Marche,,Castelli di Jesi; Matelica,"A white from central Italy with citrus freshness and a gently bitter-almond finish. Can be a fresh summer sipper or a weightier, ageworthy white. Great with Adriatic seafood.","Verdicchio (white grape). A white from central Italy with citrus freshness and a gently bitter-almond finish. Can be a fresh summer sipper or a weightier, ageworthy white. Great with Adriatic seafood. Body: Medium-bodied. Acidity: High. Tannin: None. Sweetness: Dry. Alcohol: Moderate (12–13.5%). Aromas: chalk, white peach, almond, green apple, lemon. Flavours: citrus, almond, minerals. Food pairings: seafood; seafood pasta; soft cheese; roast vegetables. Ageing: Simple ones young; the best 5+ years. Origin: Le Marche, Italy. Key regions: Castelli di Jesi; Matelica."
Silvaner,Sylvaner,White,Medium-bodied,Moderate,None,Dry,Moderate (12–13.5%),"chalk, herbs, citrus, pear, green apple","apple, herbs, minerals",trout; asparagus; mild goat's cheese; roast veal,Best enjoyed in the first 2–5 years,Austria,,,Franken; Rheinhessen; Alsace,"A restrained, mineral white that mirrors its soil. Apple, pear and fresh herbs, mostly dry. Beautiful with regional dishes and freshwater fish.","Silvaner (white grape). A restrained, mineral white that mirrors its soil. Apple, pear and fresh herbs, mostly dry. Beautiful with regional dishes and freshwater fish. Body: Medium-bodied. Acidity: Moderate. Tannin: None. Sweetness: Dry. Alcohol: Moderate (12–13.5%). Aromas: chalk, herbs, citrus, pear, green apple. Flavours: apple, herbs, minerals. Food pairings: trout; asparagus; mild goat's cheese; roast veal. Ageing: Best enjoyed in the first 2–5 years. Origin: Austria. Also known as: Sylvaner. Key regions: Franken; Rheinhessen; Alsace."
Kerner,,White,Light-bodied,High,None,Dry,Moderate (12–13.5%),"peach, blossom, citrus, pear, green apple","apple, citrus, flowers",asparagus; trout; cheese noodles; light Asian dishes,Drink young,Germany,,A German-bred cross,Württemberg; Pfalz; Rheinhessen,"A fresh, fruity German white created by crossing Trollinger and Riesling. Lively acidity, apple, citrus and floral notes, light body. Easygoing and refreshing.","Kerner (white grape). A fresh, fruity German white created by crossing Trollinger and Riesling. Lively acidity, apple, citrus and floral notes, light body. Easygoing and refreshing. Body: Light-bodied. Acidity: High. Tannin: None. Sweetness: Dry. Alcohol: Moderate (12–13.5%). Aromas: peach, blossom, citrus, pear, green apple. Flavours: apple, citrus, flowers. Food pairings: asparagus; trout; cheese noodles; light Asian dishes. Ageing: Drink young. Origin: Germany. A German-bred cross. Key regions: Württemberg; Pfalz; Rheinhessen."
Macabeo,Viura (Rioja); Maccabeu (France); Alcañón,White,Medium-bodied,Moderate,None,Dry,Moderate (12–13.5%),"flowers, almond, white peach, green apple, citrus","citrus, orchard fruit, nuts",paella; grilled fish; asparagus; mild cheese,Best enjoyed in the first 2–4 years,Spain,Catalonia or Aragón,,Rioja; Penedès; Catalonia; Southern France,"A versatile Spanish white that goes into Cava and white Rioja, where it's known as Viura. Can be fresh and fruity or nutty and layered, depending on the producer. Friendly and food-friendly.","Macabeo (white grape). A versatile Spanish white that goes into Cava and white Rioja, where it's known as Viura. Can be fresh and fruity or nutty and layered, depending on the producer. Friendly and food-friendly. Body: Medium-bodied. Acidity: Moderate. Tannin: None. Sweetness: Dry. Alcohol: Moderate (12–13.5%). Aromas: flowers, almond, white peach, green apple, citrus. Flavours: citrus, orchard fruit, nuts. Food pairings: paella; grilled fish; asparagus; mild cheese. Ageing: Best enjoyed in the first 2–4 years. Origin: Catalonia or Aragón, Spain. Also known as: Viura (Rioja); Maccabeu (France); Alcañón. Key regions: Rioja; Penedès; Catalonia; Southern France."
Touriga Franca,,Red,Medium to full-bodied,High,Moderate,Dry,Moderate (12–13.5%),"pepper, herbs, violet, black cherry, blackberry","dark fruit, flowers, spice",braised beef; lamb; aged cheese; game,Best enjoyed in the first 5–12 years,Portugal,Douro Valley,,Douro Valley,"A major Port grape that also makes good dry Douro reds. Plump dark berries, violets and herbs, with silky tannins and bright acidity. Friendlier and lighter-footed than its cousin Touriga Nacional.","Touriga Franca (red grape). A major Port grape that also makes good dry Douro reds. Plump dark berries, violets and herbs, with silky tannins and bright acidity. Friendlier and lighter-footed than its cousin Touriga Nacional. Body: Medium to full-bodied. Acidity: High. Tannin: Moderate. Sweetness: Dry. Alcohol: Moderate (12–13.5%). Aromas: pepper, herbs, violet, black cherry, blackberry. Flavours: dark fruit, flowers, spice. Food pairings: braised beef; lamb; aged cheese; game. Ageing: Best enjoyed in the first 5–12 years. Origin: Douro Valley, Portugal. Key regions: Douro Valley."
Müller-Thurgau,"Rivaner (Pfalz, Rheinhessen)",White,Light-bodied,Low,None,Off-dry,Light (under 12%),"honeysuckle, peach, pear, green apple, elderflower","soft fruit, flowers",asparagus; onion tart; river fish; fruity summer salads,Drink young,Germany,,A German-bred cross,Pfalz; Rheinhessen,"A mild, easy German white and a great place to start. Soft elderflower, apple and pear with gentle acidity. Made for early, uncomplicated drinking.","Müller-Thurgau (white grape). A mild, easy German white and a great place to start. Soft elderflower, apple and pear with gentle acidity. Made for early, uncomplicated drinking. Body: Light-bodied. Acidity: Low. Tannin: None. Sweetness: Off-dry. Alcohol: Light (under 12%). Aromas: honeysuckle, peach, pear, green apple, elderflower. Flavours: soft fruit, flowers. Food pairings: asparagus; onion tart; river fish; fruity summer salads. Ageing: Drink young. Origin: Germany. A German-bred cross. Also known as: Rivaner (Pfalz, Rheinhessen). Key regions: Pfalz; Rheinhessen."
Portugieser,,Red,Light-bodied,Moderate,Low,Dry,Light (under 12%),"herbs, flowers, raspberry, strawberry, red cherry","red fruit, flowers",grilled sausages; pizza; charcuterie; poultry,Best enjoyed in the first 2–3 years,,,Not actually Portuguese in origin,Pfalz; Rheinhessen; Ahr; Lower Austria; Burgenland,"A light, juicy red that isn't Portuguese at all. Soft red cherry and strawberry, low tannin, low alcohol. Perfect for easy summer drinking.","Portugieser (red grape). A light, juicy red that isn't Portuguese at all. Soft red cherry and strawberry, low tannin, low alcohol. Perfect for easy summer drinking. Body: Light-bodied. Acidity: Moderate. Tannin: Low. Sweetness: Dry. Alcohol: Light (under 12%). Aromas: herbs, flowers, raspberry, strawberry, red cherry. Flavours: red fruit, flowers. Food pairings: grilled sausages; pizza; charcuterie; poultry. Ageing: Best enjoyed in the first 2–3 years. Not actually Portuguese in origin. Key regions: Pfalz; Rheinhessen; Ahr; Lower Austria; Burgenland."
Graševina,,White,Light-bodied,High,None,Dry,Moderate (12–13.5%),"chalk, elderflower, white peach, citrus, green apple","apple, citrus, minerals",river fish; asparagus; veal schnitzel; salad with warm chèvre,Best enjoyed in the first 1–3 years,Croatia,,,Croatia; Austria,"The white grape Croatians grow more than any other: fresh, citrusy and mineral, with apple and elderflower. Despite the name, it's no relation to German Riesling.","Graševina (white grape). The white grape Croatians grow more than any other: fresh, citrusy and mineral, with apple and elderflower. Despite the name, it's no relation to German Riesling. Body: Light-bodied. Acidity: High. Tannin: None. Sweetness: Dry. Alcohol: Moderate (12–13.5%). Aromas: chalk, elderflower, white peach, citrus, green apple. Flavours: apple, citrus, minerals. Food pairings: river fish; asparagus; veal schnitzel; salad with warm chèvre. Ageing: Best enjoyed in the first 1–3 years. Origin: Croatia. Key regions: Croatia; Austria."
Schwarzriesling,Pinot Meunier (France),Red,Medium-bodied,High,Low,Dry,Moderate (12–13.5%),"fresh bread, rose, red cherry, strawberry, red apple","red fruit, flowers, spice",roast chicken; mushroom dishes; charcuterie; soft cheese,Best enjoyed in the first 2–5 years,France,Champagne,A mutation of Pinot Noir,Champagne (Vallée de la Marne); Württemberg,"Better known as Pinot Meunier, a quiet star in Champagne. Soft red fruit with a gentle bready note, gentle tannins and juicy acidity. Charming and easy.","Schwarzriesling (red grape). Better known as Pinot Meunier, a quiet star in Champagne. Soft red fruit with a gentle bready note, gentle tannins and juicy acidity. Charming and easy. Body: Medium-bodied. Acidity: High. Tannin: Low. Sweetness: Dry. Alcohol: Moderate (12–13.5%). Aromas: fresh bread, rose, red cherry, strawberry, red apple. Flavours: red fruit, flowers, spice. Food pairings: roast chicken; mushroom dishes; charcuterie; soft cheese. Ageing: Best enjoyed in the first 2–5 years. Origin: Champagne, France. A mutation of Pinot Noir. Also known as: Pinot Meunier (France). Key regions: Champagne (Vallée de la Marne); Württemberg."
Roussanne,,White,Full-bodied,Low,None,Dry,High (over 13.5%),"almond, honey, honeysuckle, white peach, pear","stone fruit, honey, nuts",roast sole; creamy chicken; soft cheese; pumpkin risotto,Top wines can last well over a decade,France,Northern Rhône,,Rhône Valley; Languedoc; Savoie; California; Australia,"A rich, fragrant white from France's Rhône Valley. Pear, honey and almond with a full, slightly oily feel. Frequently teamed with Marsanne and Viognier.","Roussanne (white grape). A rich, fragrant white from France's Rhône Valley. Pear, honey and almond with a full, slightly oily feel. Frequently teamed with Marsanne and Viognier. Body: Full-bodied. Acidity: Low. Tannin: None. Sweetness: Dry. Alcohol: High (over 13.5%). Aromas: almond, honey, honeysuckle, white peach, pear. Flavours: stone fruit, honey, nuts. Food pairings: roast sole; creamy chicken; soft cheese; pumpkin risotto. Ageing: Top wines can last well over a decade. Origin: Northern Rhône, France. Key regions: Rhône Valley; Languedoc; Savoie; California; Australia."
Rkatsiteli,,White,Medium-bodied,Very high,None,Dry,Moderate (12–13.5%),"chalk, white peach, green apple, quince, citrus","citrus, quince, minerals",grilled fish; khachapuri; herby dishes; fresh cheese,Modern styles 2–5 years; clay-vessel styles 10+ years,Georgia,Kakheti,,Georgia; Eastern Europe; USA,"An ancient grape from Georgia, among the earliest ever cultivated. Crisp, citrusy and mineral with quince and white peach, made dry, amber-orange in clay vessels, sweet or sparkling. A fascinating taste of history.","Rkatsiteli (white grape). An ancient grape from Georgia, among the earliest ever cultivated. Crisp, citrusy and mineral with quince and white peach, made dry, amber-orange in clay vessels, sweet or sparkling. A fascinating taste of history. Body: Medium-bodied. Acidity: Very high. Tannin: None. Sweetness: Dry. Alcohol: Moderate (12–13.5%). Aromas: chalk, white peach, green apple, quince, citrus. Flavours: citrus, quince, minerals. Food pairings: grilled fish; khachapuri; herby dishes; fresh cheese. Ageing: Modern styles 2–5 years; clay-vessel styles 10+ years. Origin: Kakheti, Georgia. Key regions: Georgia; Eastern Europe; USA."
